Census_Tract,FIPS ,CITYNAME,Service_Area,Age_0_15,Age_16_18,Age_19_20,Age_21_25,Age_26_59,Age_60_64,Age_65up,Male,Female,White,African_American,Native_ American,Asian,Pacific Islander,Other,Multi-Race,Latino
101110,44000,Los Angeles city - Tujunga,2,725,163,124,346,2448,381,723,2471,2439,2702,73,13,515,4,34,157,1412
101122,44000,Los Angeles city - Tujunga,2,582,98,74,200,1747,362,769,1873,1959,2516,27,4,533,1,10,130,611
101210,44000,Los Angeles city - Tujunga,2,1393,217,152,420,3314,351,724,3341,3230,3050,185,6,492,4,5,238,2591
101220,44000,Los Angeles city - Tujunga,2,602,131,93,255,1687,235,523,1738,1788,1690,36,10,286,1,4,112,1387
101300,44000,Los Angeles city - Tujunga,2,578,145,84,210,1937,387,894,2035,2200,3172,41,5,328,3,6,158,522
101400,44000,Los Angeles city - Tujunga,2,499,118,99,292,1886,385,710,2009,1980,2644,49,7,359,0,7,149,774
102103,44000,Los Angeles city - Sun Valley,2,272,31,32,104,881,145,358,900,923,1157,23,2,171,3,0,71,396
102104,44000,Los Angeles city - Sun Valley,2,543,117,156,267,1729,279,723,1828,1986,2537,87,3,494,3,7,122,561
